{
    "4_4_4": {
        "l1_miss%": 0.06732626140137918,
        "l2_miss%": 0.03187307988990703,
        "Average_Time": 7.203814599999999
    },
    "4_4_8": {
        "l1_miss%": 0.12228423806602,
        "l2_miss%": 0.04870530320493616,
        "Average_Time": 9.067061
    },
    "4_4_16": {
        "l1_miss%": 0.2768791828040037,
        "l2_miss%": 0.053714968273646344,
        "Average_Time": 15.932823800000001
    },
    "4_4_32": {
        "l1_miss%": 0.49471722465383516,
        "l2_miss%": 0.041577828856078275,
        "Average_Time": 21.0307466
    },
    "4_8_4": {
        "l1_miss%": 0.05480832057734043,
        "l2_miss%": 0.023712517609368038,
        "Average_Time": 5.748485
    },
    "4_8_8": {
        "l1_miss%": 0.1195548911603331,
        "l2_miss%": 0.0369872303306462,
        "Average_Time": 7.031304
    },
    "4_8_16": {
        "l1_miss%": 0.28344862540917376,
        "l2_miss%": 0.03622360037241929,
        "Average_Time": 14.494950800000002
    },
    "4_8_32": {
        "l1_miss%": 0.5156717330255552,
        "l2_miss%": 0.027425945062728004,
        "Average_Time": 19.808032
    },
    "4_16_4": {
        "l1_miss%": 0.039161277292608695,
        "l2_miss%": 0.05069548927507296,
        "Average_Time": 5.288820599999999
    },
    "4_16_8": {
        "l1_miss%": 0.10488018642296357,
        "l2_miss%": 0.02301585572796324,
        "Average_Time": 6.578183
    },
    "4_16_16": {
        "l1_miss%": 0.2926752133447385,
        "l2_miss%": 0.022432563190218545,
        "Average_Time": 14.1940238
    },
    "4_16_32": {
        "l1_miss%": 0.5346518449478499,
        "l2_miss%": 0.016612907109745077,
        "Average_Time": 19.3522636
    },
    "4_32_4": {
        "l1_miss%": 0.030173495205235983,
        "l2_miss%": 0.15547656615624844,
        "Average_Time": 4.8501876
    },
    "4_32_8": {
        "l1_miss%": 0.10485506863788832,
        "l2_miss%": 0.035862108643453336,
        "Average_Time": 6.3799014000000005
    },
    "4_32_16": {
        "l1_miss%": 0.2977365842176273,
        "l2_miss%": 0.015284689555789693,
        "Average_Time": 14.326783
    },
    "4_32_32": {
        "l1_miss%": 0.5422105259323764,
        "l2_miss%": 0.01394404686737383,
        "Average_Time": 19.1971058
    },
    "8_4_4": {
        "l1_miss%": 0.061750753377904324,
        "l2_miss%": 0.02293201848399281,
        "Average_Time": 6.234524
    },
    "8_4_8": {
        "l1_miss%": 0.12278624789062453,
        "l2_miss%": 0.03166464379280857,
        "Average_Time": 8.2411876
    },
    "8_4_16": {
        "l1_miss%": 0.28247391579210723,
        "l2_miss%": 0.02904660569210244,
        "Average_Time": 15.2284366
    },
    "8_4_32": {
        "l1_miss%": 0.5013881559230536,
        "l2_miss%": 0.021726474408925733,
        "Average_Time": 20.430708399999997
    },
    "8_8_4": {
        "l1_miss%": 0.04757522981201286,
        "l2_miss%": 0.02076358310190528,
        "Average_Time": 5.015399
    },
    "8_8_8": {
        "l1_miss%": 0.12021206570699147,
        "l2_miss%": 0.022952162349117976,
        "Average_Time": 6.6857238
    },
    "8_8_16": {
        "l1_miss%": 0.2852160577227557,
        "l2_miss%": 0.020149903293910303,
        "Average_Time": 14.154351
    },
    "8_8_32": {
        "l1_miss%": 0.5212911911272291,
        "l2_miss%": 0.01471472996158876,
        "Average_Time": 19.383277
    },
    "8_16_4": {
        "l1_miss%": 0.032419948847085336,
        "l2_miss%": 0.029045901562611554,
        "Average_Time": 4.5679022
    },
    "8_16_8": {
        "l1_miss%": 0.10456834079497428,
        "l2_miss%": 0.017086491226479546,
        "Average_Time": 6.3465948
    },
    "8_16_16": {
        "l1_miss%": 0.29422018213430945,
        "l2_miss%": 0.012437399051560367,
        "Average_Time": 14.0471778
    },
    "8_16_32": {
        "l1_miss%": 0.5396807139503145,
        "l2_miss%": 0.008927639871884158,
        "Average_Time": 19.08205
    },
    "8_32_4": {
        "l1_miss%": 0.024106355927186525,
        "l2_miss%": 0.09295329101503401,
        "Average_Time": 4.599137799999999
    },
    "8_32_8": {
        "l1_miss%": 0.10368129714613868,
        "l2_miss%": 0.019729292824206112,
        "Average_Time": 6.1442758
    },
    "8_32_16": {
        "l1_miss%": 0.2976035459502725,
        "l2_miss%": 0.008828542141446289,
        "Average_Time": 14.0964932
    },
    "8_32_32": {
        "l1_miss%": 0.5468949199506383,
        "l2_miss%": 0.007406023947814875,
        "Average_Time": 19.0953794
    },
    "16_4_4": {
        "l1_miss%": 0.06616030015879146,
        "l2_miss%": 0.029220714167796907,
        "Average_Time": 5.752136
    },
    "16_4_8": {
        "l1_miss%": 0.1360317972069412,
        "l2_miss%": 0.025821532806654834,
        "Average_Time": 8.010492
    },
    "16_4_16": {
        "l1_miss%": 0.28972929552246895,
        "l2_miss%": 0.018929574906424627,
        "Average_Time": 14.8732624
    },
    "16_4_32": {
        "l1_miss%": 0.5097476826134947,
        "l2_miss%": 0.01195333083688726,
        "Average_Time": 20.154694199999998
    },
    "16_8_4": {
        "l1_miss%": 0.04953078174525498,
        "l2_miss%": 0.024692719271690793,
        "Average_Time": 4.7265652000000005
    },
    "16_8_8": {
        "l1_miss%": 0.12578200259427894,
        "l2_miss%": 0.017782302841703946,
        "Average_Time": 6.4928284000000005
    },
    "16_8_16": {
        "l1_miss%": 0.30289272421187563,
        "l2_miss%": 0.011939276815562835,
        "Average_Time": 13.892424199999999
    },
    "16_8_32": {
        "l1_miss%": 0.5273693364971517,
        "l2_miss%": 0.008480265096449708,
        "Average_Time": 19.1805314
    },
    "16_16_4": {
        "l1_miss%": 0.03115945392100015,
        "l2_miss%": 0.016864206957069545,
        "Average_Time": 4.28131
    },
    "16_16_8": {
        "l1_miss%": 0.10695068495334495,
        "l2_miss%": 0.009438949931663814,
        "Average_Time": 6.3038378
    },
    "16_16_16": {
        "l1_miss%": 0.29459307228659426,
        "l2_miss%": 0.006885865349326045,
        "Average_Time": 13.861187
    },
    "16_16_32": {
        "l1_miss%": 0.5448599324972225,
        "l2_miss%": 0.005210888388138704,
        "Average_Time": 18.9626716
    },
    "16_32_4": {
        "l1_miss%": 0.02460607592980616,
        "l2_miss%": 0.04858947259060007,
        "Average_Time": 4.490775
    },
    "16_32_8": {
        "l1_miss%": 0.10468482719503383,
        "l2_miss%": 0.00862097422362137,
        "Average_Time": 6.0121968
    },
    "16_32_16": {
        "l1_miss%": 0.29697564833237666,
        "l2_miss%": 0.0045144698119020926,
        "Average_Time": 13.8908038
    },
    "16_32_32": {
        "l1_miss%": 0.5501724870604499,
        "l2_miss%": 0.004056914243848356,
        "Average_Time": 19.0503832
    },
    "32_4_4": {
        "l1_miss%": 0.06060581389602254,
        "l2_miss%": 0.016248948025977754,
        "Average_Time": 5.7501584
    },
    "32_4_8": {
        "l1_miss%": 0.1371117257229457,
        "l2_miss%": 0.019436606876368476,
        "Average_Time": 7.9895182
    },
    "32_4_16": {
        "l1_miss%": 0.29322634118120733,
        "l2_miss%": 0.014036135550728681,
        "Average_Time": 14.7699976
    },
    "32_4_32": {
        "l1_miss%": 0.5103208075731727,
        "l2_miss%": 0.007929318170120417,
        "Average_Time": 19.981769800000002
    },
    "32_8_4": {
        "l1_miss%": 0.044665355785633465,
        "l2_miss%": 0.013986287527177768,
        "Average_Time": 4.8648024
    },
    "32_8_8": {
        "l1_miss%": 0.12662403129571226,
        "l2_miss%": 0.014713019709528336,
        "Average_Time": 6.479416400000001
    },
    "32_8_16": {
        "l1_miss%": 0.2935013540945811,
        "l2_miss%": 0.008664485061059,
        "Average_Time": 13.908161
    },
    "32_8_32": {
        "l1_miss%": 0.5281571063765723,
        "l2_miss%": 0.005949337219976784,
        "Average_Time": 19.1376148
    },
    "32_16_4": {
        "l1_miss%": 0.02941876626102599,